{
  "DB_F_ETR_AMORTISATION" : 137,
  "DB_GET_AVG_PTV_VALUE" : 6538.4257258055,
  "DB_A_ETR_AMORTISATION" : 122,
  "DB_GET_MAX_PTV_VALUE" : 9880005.800000,
  "DB_GET_MIN_PTV_VALUE" : -5806.080000,
  "DB_GET_SUM_PTV_VALUE" : 1191595396.399430
}